Model,R2,MSE,RMSE,MAE,MAPE
XGBoost,0.9986524164629565,0.5691029956799604,0.7543891540047222,0.5258070978017956,2.922999825411314
Random Forest,0.9991146540601258,0.3738937236506431,0.6114684976764078,0.38522405982905145,1.6997860824298021
LSTM,0.9951992963520299,2.0274029418803643,1.42386900446648,1.0535072515927828,4.127479386315266
RNN,-2.515536266700562,1484.6591441672217,38.531274883751536,32.69519212814936,96.25122131576269
